{"cameraMode":{"drawMode":0,"name":"Shaded","section":"Shading Mode"},"sceneLighting":true,"audioPlay":false,"sceneViewState":{"showFog":true,"showMaterialUpdate":false,"showSkybox":true,"showFlares":true,"showImageEffects":true,"showParticleSystems":true},"in2DMode":false,"pivot":{"x":839.455810546875,"y":-20.40472412109375,"z":619.709228515625},"rotation":{"x":0.17283037304878236,"y":0.08177099376916886,"z":-0.0144041171297431,"w":0.9814518094062805},"size":2050.471923828125,"orthographic":false}