{"cameraMode":{"drawMode":0,"name":"Shaded","section":"Shading Mode"},"sceneLighting":false,"audioPlay":false,"sceneViewState":{"showFog":true,"showMaterialUpdate":false,"showSkybox":false,"showFlares":true,"showImageEffects":true,"showParticleSystems":true},"in2DMode":false,"pivot":{"x":911.525390625,"y":3.3075780868530275,"z":846.4961547851563},"rotation":{"x":0.17283037304878236,"y":0.08177099376916886,"z":-0.0144041171297431,"w":0.9814518094062805},"size":22.794042587280275,"orthographic":false}