{"cameraMode":{"drawMode":0,"name":"Shaded","section":"Shading Mode"},"sceneLighting":false,"audioPlay":false,"sceneViewState":{"showFog":true,"showMaterialUpdate":false,"showSkybox":false,"showFlares":true,"showImageEffects":true,"showParticleSystems":true},"in2DMode":false,"pivot":{"x":880.7659912109375,"y":0.36000004410743716,"z":863.0397338867188},"rotation":{"x":-0.004734396934509277,"y":-0.9938238859176636,"z":0.10052815824747086,"w":-0.04682217910885811},"size":5.898531913757324,"orthographic":false}