{"cameraMode":{"drawMode":0,"name":"Shaded","section":"Shading Mode"},"sceneLighting":true,"audioPlay":false,"sceneViewState":{"showFog":true,"showMaterialUpdate":false,"showSkybox":true,"showFlares":true,"showImageEffects":true,"showParticleSystems":true},"in2DMode":false,"pivot":{"x":-24.704776763916017,"y":10.239107131958008,"z":20.448144912719728},"rotation":{"x":-0.09225063025951386,"y":-0.8365013599395752,"z":0.14859972894191743,"w":-0.5193061828613281},"size":7.696552753448486,"orthographic":false}